{
  "ops": {
    "rows": 300,
    "malformed": 0,
    "copy_drift": 1,
    "unrequested_tags": 0
  },
  "strict_exact": {
    "p": 0.8973277074542897,
    "r": 0.9517652909000497,
    "f": 0.9237451737451737
  },
  "strict_relaxed": {
    "p": 0.9024847632442569,
    "r": 0.9572352063649925,
    "f": 0.929054054054054
  },
  "parseable_exact": {
    "p": 0.8973277074542897,
    "r": 0.957,
    "f": 0.9262037261069441
  },
  "per_label": {
    "nemotron:first_name": {
      "p": 0.9686274509803922,
      "r": 0.9919678714859438,
      "f": 0.9801587301587301,
      "support": 249
    },
    "nemotron:date_of_birth": {
      "p": 1.0,
      "r": 0.9210526315789473,
      "f": 0.958904109589041,
      "support": 38
    },
    "nemotron:county": {
      "p": 0.7555555555555555,
      "r": 0.9714285714285714,
      "f": 0.85,
      "support": 35
    },
    "nemotron:country": {
      "p": 0.7758620689655172,
      "r": 1.0,
      "f": 0.8737864077669902,
      "support": 45
    },
    "nemotron:bank_routing_number": {
      "p": 0.9615384615384616,
      "r": 1.0,
      "f": 0.9803921568627451,
      "support": 25
    },
    "nemotron:credit_debit_card": {
      "p": 0.9787234042553191,
      "r": 0.9787234042553191,
      "f": 0.9787234042553191,
      "support": 47
    },
    "nemotron:user_name": {
      "p": 1.0,
      "r": 0.8947368421052632,
      "f": 0.9444444444444444,
      "support": 38
    },
    "nemotron:account_number": {
      "p": 0.9782608695652174,
      "r": 0.9782608695652174,
      "f": 0.9782608695652174,
      "support": 46
    },
    "nemotron:street_address": {
      "p": 0.8703703703703703,
      "r": 0.9791666666666666,
      "f": 0.9215686274509804,
      "support": 48
    },
    "nemotron:race_ethnicity": {
      "p": 0.9615384615384616,
      "r": 1.0,
      "f": 0.9803921568627451,
      "support": 25
    },
    "nemotron:health_plan_beneficiary_number": {
      "p": 1.0,
      "r": 1.0,
      "f": 1.0,
      "support": 20
    },
    "nemotron:last_name": {
      "p": 0.9857142857142858,
      "r": 0.9787234042553191,
      "f": 0.9822064056939502,
      "support": 141
    },
    "nemotron:email": {
      "p": 0.98989898989899,
      "r": 1.0,
      "f": 0.9949238578680203,
      "support": 98
    },
    "nemotron:date": {
      "p": 0.934010152284264,
      "r": 0.968421052631579,
      "f": 0.9509043927648579,
      "support": 190
    },
    "nemotron:mac_address": {
      "p": 0.9285714285714286,
      "r": 1.0,
      "f": 0.962962962962963,
      "support": 13
    },
    "nemotron:http_cookie": {
      "p": 0.8571428571428571,
      "r": 0.8571428571428571,
      "f": 0.8571428571428571,
      "support": 14
    },
    "nemotron:time": {
      "p": 0.7012987012987013,
      "r": 0.9642857142857143,
      "f": 0.81203007518797,
      "support": 56
    },
    "nemotron:ssn": {
      "p": 1.0,
      "r": 1.0,
      "f": 1.0,
      "support": 35
    },
    "nemotron:age": {
      "p": 0.9565217391304348,
      "r": 0.9166666666666666,
      "f": 0.9361702127659574,
      "support": 24
    },
    "nemotron:occupation": {
      "p": 0.61,
      "r": 0.7349397590361446,
      "f": 0.6666666666666666,
      "support": 83
    },
    "nemotron:pin": {
      "p": 0.8,
      "r": 0.9411764705882353,
      "f": 0.8648648648648648,
      "support": 17
    },
    "nemotron:biometric_identifier": {
      "p": 0.96,
      "r": 1.0,
      "f": 0.9795918367346939,
      "support": 24
    },
    "nemotron:customer_id": {
      "p": 0.9210526315789473,
      "r": 1.0,
      "f": 0.958904109589041,
      "support": 35
    },
    "nemotron:employment_status": {
      "p": 0.75,
      "r": 0.875,
      "f": 0.8076923076923077,
      "support": 24
    },
    "nemotron:employee_id": {
      "p": 0.9166666666666666,
      "r": 0.7333333333333333,
      "f": 0.8148148148148148,
      "support": 15
    },
    "nemotron:unique_id": {
      "p": 0.4,
      "r": 0.2857142857142857,
      "f": 0.3333333333333333,
      "support": 7
    },
    "nemotron:city": {
      "p": 0.85,
      "r": 0.9714285714285714,
      "f": 0.9066666666666667,
      "support": 35
    },
    "nemotron:state": {
      "p": 0.6976744186046512,
      "r": 1.0,
      "f": 0.8219178082191781,
      "support": 30
    },
    "nemotron:education_level": {
      "p": 0.9473684210526315,
      "r": 0.8571428571428571,
      "f": 0.9,
      "support": 21
    },
    "nemotron:company_name": {
      "p": 0.9262295081967213,
      "r": 0.9416666666666667,
      "f": 0.9338842975206612,
      "support": 120
    },
    "nemotron:url": {
      "p": 0.8421052631578947,
      "r": 0.9846153846153847,
      "f": 0.9078014184397163,
      "support": 65
    },
    "nemotron:password": {
      "p": 0.875,
      "r": 0.9333333333333333,
      "f": 0.9032258064516129,
      "support": 15
    },
    "nemotron:blood_type": {
      "p": 1.0,
      "r": 1.0,
      "f": 1.0,
      "support": 15
    },
    "nemotron:medical_record_number": {
      "p": 1.0,
      "r": 1.0,
      "f": 1.0,
      "support": 34
    },
    "nemotron:phone_number": {
      "p": 0.9649122807017544,
      "r": 1.0,
      "f": 0.9821428571428572,
      "support": 55
    },
    "nemotron:certificate_license_number": {
      "p": 1.0,
      "r": 0.9230769230769231,
      "f": 0.9600000000000001,
      "support": 13
    },
    "nemotron:postcode": {
      "p": 0.95,
      "r": 0.9047619047619048,
      "f": 0.9268292682926829,
      "support": 21
    },
    "nemotron:cvv": {
      "p": 1.0,
      "r": 1.0,
      "f": 1.0,
      "support": 15
    },
    "nemotron:sexuality": {
      "p": 0.8888888888888888,
      "r": 1.0,
      "f": 0.9411764705882353,
      "support": 8
    },
    "nemotron:fax_number": {
      "p": 0.8947368421052632,
      "r": 1.0,
      "f": 0.9444444444444444,
      "support": 17
    },
    "nemotron:swift_bic": {
      "p": 0.9285714285714286,
      "r": 1.0,
      "f": 0.962962962962963,
      "support": 13
    },
    "nemotron:date_time": {
      "p": 1.0,
      "r": 0.7619047619047619,
      "f": 0.8648648648648648,
      "support": 21
    },
    "nemotron:ipv4": {
      "p": 0.9,
      "r": 1.0,
      "f": 0.9473684210526316,
      "support": 9
    },
    "nemotron:ipv6": {
      "p": 1.0,
      "r": 1.0,
      "f": 1.0,
      "support": 4
    },
    "nemotron:language": {
      "p": 0.9375,
      "r": 1.0,
      "f": 0.967741935483871,
      "support": 15
    },
    "nemotron:vehicle_identifier": {
      "p": 0.6875,
      "r": 1.0,
      "f": 0.8148148148148148,
      "support": 11
    },
    "nemotron:license_plate": {
      "p": 0.8,
      "r": 0.8888888888888888,
      "f": 0.8421052631578948,
      "support": 9
    },
    "nemotron:political_view": {
      "p": 0.8823529411764706,
      "r": 0.8333333333333334,
      "f": 0.8571428571428571,
      "support": 18
    },
    "nemotron:coordinate": {
      "p": 0.625,
      "r": 1.0,
      "f": 0.7692307692307693,
      "support": 15
    },
    "nemotron:gender": {
      "p": 0.9,
      "r": 0.8571428571428571,
      "f": 0.8780487804878048,
      "support": 21
    },
    "nemotron:religious_belief": {
      "p": 0.75,
      "r": 0.75,
      "f": 0.75,
      "support": 12
    },
    "nemotron:tax_id": {
      "p": 1.0,
      "r": 1.0,
      "f": 1.0,
      "support": 2
    },
    "nemotron:device_identifier": {
      "p": 0.0,
      "r": 0.0,
      "f": 0.0,
      "support": 3
    },
    "nemotron:api_key": {
      "p": 1.0,
      "r": 1.0,
      "f": 1.0,
      "support": 2
    }
  }
}