{
  "ops": {
    "rows": 300,
    "malformed": 5,
    "copy_drift": 136,
    "unrequested_tags": 0
  },
  "strict_exact": {
    "p": 0.9438669438669439,
    "r": 0.4184331797235023,
    "f": 0.5798212005108557
  },
  "strict_relaxed": {
    "p": 0.9625779625779626,
    "r": 0.42672811059907834,
    "f": 0.5913154533844189
  },
  "parseable_exact": {
    "p": 0.9438669438669439,
    "r": 0.8430826369545033,
    "f": 0.8906326630701324
  },
  "per_label": {
    "nemotron:first_name": {
      "p": 0.9907407407407407,
      "r": 0.42971887550200805,
      "f": 0.5994397759103641,
      "support": 249
    },
    "nemotron:date_of_birth": {
      "p": 1.0,
      "r": 0.6486486486486487,
      "f": 0.7868852459016393,
      "support": 37
    },
    "nemotron:county": {
      "p": 1.0,
      "r": 0.40476190476190477,
      "f": 0.576271186440678,
      "support": 42
    },
    "nemotron:country": {
      "p": 1.0,
      "r": 0.3620689655172414,
      "f": 0.5316455696202532,
      "support": 58
    },
    "nemotron:bank_routing_number": {
      "p": 1.0,
      "r": 0.6,
      "f": 0.7499999999999999,
      "support": 25
    },
    "nemotron:credit_debit_card": {
      "p": 1.0,
      "r": 0.4583333333333333,
      "f": 0.6285714285714286,
      "support": 48
    },
    "nemotron:user_name": {
      "p": 1.0,
      "r": 0.5,
      "f": 0.6666666666666666,
      "support": 38
    },
    "nemotron:account_number": {
      "p": 0.9583333333333334,
      "r": 0.5111111111111111,
      "f": 0.6666666666666666,
      "support": 45
    },
    "nemotron:street_address": {
      "p": 0.8666666666666667,
      "r": 0.5098039215686274,
      "f": 0.6419753086419753,
      "support": 51
    },
    "nemotron:race_ethnicity": {
      "p": 1.0,
      "r": 0.3076923076923077,
      "f": 0.47058823529411764,
      "support": 26
    },
    "nemotron:health_plan_beneficiary_number": {
      "p": 1.0,
      "r": 0.3,
      "f": 0.4615384615384615,
      "support": 20
    },
    "nemotron:last_name": {
      "p": 0.9855072463768116,
      "r": 0.4857142857142857,
      "f": 0.6507177033492824,
      "support": 140
    },
    "nemotron:email": {
      "p": 0.9818181818181818,
      "r": 0.5346534653465347,
      "f": 0.6923076923076923,
      "support": 101
    },
    "nemotron:date": {
      "p": 0.8487394957983193,
      "r": 0.5126903553299492,
      "f": 0.6392405063291139,
      "support": 197
    },
    "nemotron:time": {
      "p": 0.9393939393939394,
      "r": 0.38271604938271603,
      "f": 0.5438596491228069,
      "support": 81
    },
    "nemotron:mac_address": {
      "p": 0.8,
      "r": 0.2857142857142857,
      "f": 0.4210526315789473,
      "support": 14
    },
    "nemotron:http_cookie": {
      "p": 0.8,
      "r": 0.2857142857142857,
      "f": 0.4210526315789473,
      "support": 14
    },
    "nemotron:ssn": {
      "p": 1.0,
      "r": 0.5428571428571428,
      "f": 0.7037037037037037,
      "support": 35
    },
    "nemotron:age": {
      "p": 0.7,
      "r": 0.2916666666666667,
      "f": 0.4117647058823529,
      "support": 24
    },
    "nemotron:occupation": {
      "p": 0.7619047619047619,
      "r": 0.14678899082568808,
      "f": 0.24615384615384617,
      "support": 109
    },
    "nemotron:pin": {
      "p": 1.0,
      "r": 0.2,
      "f": 0.33333333333333337,
      "support": 20
    },
    "nemotron:biometric_identifier": {
      "p": 1.0,
      "r": 0.36,
      "f": 0.5294117647058824,
      "support": 25
    },
    "nemotron:customer_id": {
      "p": 1.0,
      "r": 0.2972972972972973,
      "f": 0.4583333333333333,
      "support": 37
    },
    "nemotron:employment_status": {
      "p": 1.0,
      "r": 0.28,
      "f": 0.43750000000000006,
      "support": 25
    },
    "nemotron:employee_id": {
      "p": 0.7777777777777778,
      "r": 0.4666666666666667,
      "f": 0.5833333333333334,
      "support": 15
    },
    "nemotron:city": {
      "p": 0.875,
      "r": 0.3333333333333333,
      "f": 0.48275862068965514,
      "support": 42
    },
    "nemotron:state": {
      "p": 1.0,
      "r": 0.22727272727272727,
      "f": 0.37037037037037035,
      "support": 44
    },
    "nemotron:education_level": {
      "p": 0.5714285714285714,
      "r": 0.19047619047619047,
      "f": 0.2857142857142857,
      "support": 21
    },
    "nemotron:company_name": {
      "p": 0.9347826086956522,
      "r": 0.3644067796610169,
      "f": 0.524390243902439,
      "support": 118
    },
    "nemotron:url": {
      "p": 1.0,
      "r": 0.44871794871794873,
      "f": 0.6194690265486726,
      "support": 78
    },
    "nemotron:password": {
      "p": 1.0,
      "r": 0.21052631578947367,
      "f": 0.34782608695652173,
      "support": 19
    },
    "nemotron:blood_type": {
      "p": 1.0,
      "r": 0.4666666666666667,
      "f": 0.6363636363636364,
      "support": 15
    },
    "nemotron:medical_record_number": {
      "p": 1.0,
      "r": 0.6470588235294118,
      "f": 0.7857142857142858,
      "support": 34
    },
    "nemotron:phone_number": {
      "p": 0.972972972972973,
      "r": 0.6206896551724138,
      "f": 0.7578947368421053,
      "support": 58
    },
    "nemotron:certificate_license_number": {
      "p": 1.0,
      "r": 0.5384615384615384,
      "f": 0.7000000000000001,
      "support": 13
    },
    "nemotron:postcode": {
      "p": 1.0,
      "r": 0.36363636363636365,
      "f": 0.5333333333333333,
      "support": 22
    },
    "nemotron:cvv": {
      "p": 1.0,
      "r": 0.35294117647058826,
      "f": 0.5217391304347826,
      "support": 17
    },
    "nemotron:sexuality": {
      "p": 1.0,
      "r": 0.375,
      "f": 0.5454545454545454,
      "support": 8
    },
    "nemotron:fax_number": {
      "p": 1.0,
      "r": 0.3888888888888889,
      "f": 0.56,
      "support": 18
    },
    "nemotron:swift_bic": {
      "p": 0.8571428571428571,
      "r": 0.42857142857142855,
      "f": 0.5714285714285714,
      "support": 14
    },
    "nemotron:date_time": {
      "p": 0.9090909090909091,
      "r": 0.3333333333333333,
      "f": 0.4878048780487804,
      "support": 30
    },
    "nemotron:ipv4": {
      "p": 1.0,
      "r": 0.4444444444444444,
      "f": 0.6153846153846153,
      "support": 9
    },
    "nemotron:ipv6": {
      "p": 1.0,
      "r": 0.25,
      "f": 0.4,
      "support": 4
    },
    "nemotron:language": {
      "p": 1.0,
      "r": 0.625,
      "f": 0.7692307692307693,
      "support": 16
    },
    "nemotron:vehicle_identifier": {
      "p": 1.0,
      "r": 0.4375,
      "f": 0.6086956521739131,
      "support": 16
    },
    "nemotron:license_plate": {
      "p": 1.0,
      "r": 0.6,
      "f": 0.7499999999999999,
      "support": 10
    },
    "nemotron:political_view": {
      "p": 0.8333333333333334,
      "r": 0.2631578947368421,
      "f": 0.39999999999999997,
      "support": 19
    },
    "nemotron:unique_id": {
      "p": 0.0,
      "r": 0.0,
      "f": 0.0,
      "support": 3
    },
    "nemotron:coordinate": {
      "p": 1.0,
      "r": 0.5,
      "f": 0.6666666666666666,
      "support": 24
    },
    "nemotron:gender": {
      "p": 0.8333333333333334,
      "r": 0.22727272727272727,
      "f": 0.35714285714285715,
      "support": 22
    },
    "nemotron:religious_belief": {
      "p": 0.6666666666666666,
      "r": 0.125,
      "f": 0.21052631578947367,
      "support": 16
    },
    "nemotron:tax_id": {
      "p": 1.0,
      "r": 1.0,
      "f": 1.0,
      "support": 2
    },
    "nemotron:api_key": {
      "p": 1.0,
      "r": 1.0,
      "f": 1.0,
      "support": 2
    }
  }
}