{
  "ops": {
    "rows": 300,
    "malformed": 0,
    "copy_drift": 1,
    "unrequested_tags": 0
  },
  "strict_exact": {
    "p": 0.9526488513830286,
    "r": 0.936405529953917,
    "f": 0.9444573553334883
  },
  "strict_relaxed": {
    "p": 0.9620253164556962,
    "r": 0.9456221198156682,
    "f": 0.9537531954450384
  },
  "parseable_exact": {
    "p": 0.9526488513830286,
    "r": 0.9411764705882353,
    "f": 0.9468779123951537
  },
  "per_label": {
    "nemotron:first_name": {
      "p": 0.9686274509803922,
      "r": 0.9919678714859438,
      "f": 0.9801587301587301,
      "support": 249
    },
    "nemotron:date_of_birth": {
      "p": 1.0,
      "r": 0.9459459459459459,
      "f": 0.9722222222222222,
      "support": 37
    },
    "nemotron:county": {
      "p": 0.8888888888888888,
      "r": 0.9523809523809523,
      "f": 0.9195402298850575,
      "support": 42
    },
    "nemotron:country": {
      "p": 1.0,
      "r": 1.0,
      "f": 1.0,
      "support": 58
    },
    "nemotron:bank_routing_number": {
      "p": 0.9615384615384616,
      "r": 1.0,
      "f": 0.9803921568627451,
      "support": 25
    },
    "nemotron:credit_debit_card": {
      "p": 1.0,
      "r": 0.9791666666666666,
      "f": 0.9894736842105264,
      "support": 48
    },
    "nemotron:user_name": {
      "p": 1.0,
      "r": 0.8947368421052632,
      "f": 0.9444444444444444,
      "support": 38
    },
    "nemotron:account_number": {
      "p": 0.9782608695652174,
      "r": 1.0,
      "f": 0.989010989010989,
      "support": 45
    },
    "nemotron:street_address": {
      "p": 0.9259259259259259,
      "r": 0.9803921568627451,
      "f": 0.9523809523809523,
      "support": 51
    },
    "nemotron:race_ethnicity": {
      "p": 1.0,
      "r": 1.0,
      "f": 1.0,
      "support": 26
    },
    "nemotron:health_plan_beneficiary_number": {
      "p": 1.0,
      "r": 1.0,
      "f": 1.0,
      "support": 20
    },
    "nemotron:last_name": {
      "p": 0.9857142857142858,
      "r": 0.9857142857142858,
      "f": 0.9857142857142858,
      "support": 140
    },
    "nemotron:email": {
      "p": 1.0,
      "r": 0.9801980198019802,
      "f": 0.99,
      "support": 101
    },
    "nemotron:date": {
      "p": 0.934010152284264,
      "r": 0.934010152284264,
      "f": 0.934010152284264,
      "support": 197
    },
    "nemotron:time": {
      "p": 0.961038961038961,
      "r": 0.9135802469135802,
      "f": 0.9367088607594937,
      "support": 81
    },
    "nemotron:mac_address": {
      "p": 1.0,
      "r": 1.0,
      "f": 1.0,
      "support": 14
    },
    "nemotron:http_cookie": {
      "p": 0.8571428571428571,
      "r": 0.8571428571428571,
      "f": 0.8571428571428571,
      "support": 14
    },
    "nemotron:ssn": {
      "p": 1.0,
      "r": 1.0,
      "f": 1.0,
      "support": 35
    },
    "nemotron:age": {
      "p": 0.9565217391304348,
      "r": 0.9166666666666666,
      "f": 0.9361702127659574,
      "support": 24
    },
    "nemotron:occupation": {
      "p": 0.66,
      "r": 0.6055045871559633,
      "f": 0.6315789473684211,
      "support": 109
    },
    "nemotron:pin": {
      "p": 0.95,
      "r": 0.95,
      "f": 0.9500000000000001,
      "support": 20
    },
    "nemotron:biometric_identifier": {
      "p": 1.0,
      "r": 1.0,
      "f": 1.0,
      "support": 25
    },
    "nemotron:customer_id": {
      "p": 0.9736842105263158,
      "r": 1.0,
      "f": 0.9866666666666666,
      "support": 37
    },
    "nemotron:employment_status": {
      "p": 0.7857142857142857,
      "r": 0.88,
      "f": 0.830188679245283,
      "support": 25
    },
    "nemotron:employee_id": {
      "p": 1.0,
      "r": 0.8,
      "f": 0.888888888888889,
      "support": 15
    },
    "nemotron:unique_id": {
      "p": 0.4,
      "r": 0.6666666666666666,
      "f": 0.5,
      "support": 3
    },
    "nemotron:city": {
      "p": 0.975,
      "r": 0.9285714285714286,
      "f": 0.951219512195122,
      "support": 42
    },
    "nemotron:state": {
      "p": 1.0,
      "r": 0.9772727272727273,
      "f": 0.9885057471264368,
      "support": 44
    },
    "nemotron:education_level": {
      "p": 0.8947368421052632,
      "r": 0.8095238095238095,
      "f": 0.8500000000000001,
      "support": 21
    },
    "nemotron:company_name": {
      "p": 0.9426229508196722,
      "r": 0.9745762711864406,
      "f": 0.9583333333333334,
      "support": 118
    },
    "nemotron:url": {
      "p": 1.0,
      "r": 0.9743589743589743,
      "f": 0.9870129870129869,
      "support": 78
    },
    "nemotron:password": {
      "p": 1.0,
      "r": 0.8421052631578947,
      "f": 0.9142857142857143,
      "support": 19
    },
    "nemotron:blood_type": {
      "p": 1.0,
      "r": 1.0,
      "f": 1.0,
      "support": 15
    },
    "nemotron:medical_record_number": {
      "p": 1.0,
      "r": 1.0,
      "f": 1.0,
      "support": 34
    },
    "nemotron:phone_number": {
      "p": 1.0,
      "r": 0.9827586206896551,
      "f": 0.9913043478260869,
      "support": 58
    },
    "nemotron:certificate_license_number": {
      "p": 1.0,
      "r": 0.9230769230769231,
      "f": 0.9600000000000001,
      "support": 13
    },
    "nemotron:postcode": {
      "p": 1.0,
      "r": 0.9090909090909091,
      "f": 0.9523809523809523,
      "support": 22
    },
    "nemotron:cvv": {
      "p": 1.0,
      "r": 0.8823529411764706,
      "f": 0.9375,
      "support": 17
    },
    "nemotron:sexuality": {
      "p": 0.8888888888888888,
      "r": 1.0,
      "f": 0.9411764705882353,
      "support": 8
    },
    "nemotron:fax_number": {
      "p": 0.9473684210526315,
      "r": 1.0,
      "f": 0.972972972972973,
      "support": 18
    },
    "nemotron:swift_bic": {
      "p": 1.0,
      "r": 1.0,
      "f": 1.0,
      "support": 14
    },
    "nemotron:date_time": {
      "p": 1.0,
      "r": 0.5333333333333333,
      "f": 0.6956521739130436,
      "support": 30
    },
    "nemotron:ipv4": {
      "p": 0.9,
      "r": 1.0,
      "f": 0.9473684210526316,
      "support": 9
    },
    "nemotron:ipv6": {
      "p": 1.0,
      "r": 1.0,
      "f": 1.0,
      "support": 4
    },
    "nemotron:language": {
      "p": 1.0,
      "r": 1.0,
      "f": 1.0,
      "support": 16
    },
    "nemotron:vehicle_identifier": {
      "p": 1.0,
      "r": 1.0,
      "f": 1.0,
      "support": 16
    },
    "nemotron:license_plate": {
      "p": 1.0,
      "r": 1.0,
      "f": 1.0,
      "support": 10
    },
    "nemotron:political_view": {
      "p": 0.8823529411764706,
      "r": 0.7894736842105263,
      "f": 0.8333333333333333,
      "support": 19
    },
    "nemotron:coordinate": {
      "p": 1.0,
      "r": 1.0,
      "f": 1.0,
      "support": 24
    },
    "nemotron:gender": {
      "p": 1.0,
      "r": 0.9090909090909091,
      "f": 0.9523809523809523,
      "support": 22
    },
    "nemotron:religious_belief": {
      "p": 0.9166666666666666,
      "r": 0.6875,
      "f": 0.7857142857142857,
      "support": 16
    },
    "nemotron:tax_id": {
      "p": 1.0,
      "r": 1.0,
      "f": 1.0,
      "support": 2
    },
    "nemotron:api_key": {
      "p": 1.0,
      "r": 1.0,
      "f": 1.0,
      "support": 2
    }
  }
}