{
  "ops": {
    "rows": 300,
    "malformed": 0,
    "copy_drift": 20,
    "unrequested_tags": 0
  },
  "strict_exact": {
    "p": 0.9232354456465739,
    "r": 0.8258064516129032,
    "f": 0.8718073461444904
  },
  "strict_relaxed": {
    "p": 0.9428129829984544,
    "r": 0.8433179723502304,
    "f": 0.8902943322792508
  },
  "parseable_exact": {
    "p": 0.9232354456465739,
    "r": 0.9036812909732728,
    "f": 0.9133537206931702
  },
  "per_label": {
    "nemotron:first_name": {
      "p": 0.947136563876652,
      "r": 0.8634538152610441,
      "f": 0.903361344537815,
      "support": 249
    },
    "nemotron:date_of_birth": {
      "p": 1.0,
      "r": 0.9459459459459459,
      "f": 0.9722222222222222,
      "support": 37
    },
    "nemotron:county": {
      "p": 0.96875,
      "r": 0.7380952380952381,
      "f": 0.8378378378378379,
      "support": 42
    },
    "nemotron:country": {
      "p": 1.0,
      "r": 0.8103448275862069,
      "f": 0.8952380952380952,
      "support": 58
    },
    "nemotron:bank_routing_number": {
      "p": 0.9615384615384616,
      "r": 1.0,
      "f": 0.9803921568627451,
      "support": 25
    },
    "nemotron:credit_debit_card": {
      "p": 0.9782608695652174,
      "r": 0.9375,
      "f": 0.9574468085106383,
      "support": 48
    },
    "nemotron:user_name": {
      "p": 1.0,
      "r": 0.8157894736842105,
      "f": 0.898550724637681,
      "support": 38
    },
    "nemotron:account_number": {
      "p": 0.9555555555555556,
      "r": 0.9555555555555556,
      "f": 0.9555555555555556,
      "support": 45
    },
    "nemotron:street_address": {
      "p": 0.9183673469387755,
      "r": 0.8823529411764706,
      "f": 0.9,
      "support": 51
    },
    "nemotron:race_ethnicity": {
      "p": 0.8888888888888888,
      "r": 0.9230769230769231,
      "f": 0.9056603773584906,
      "support": 26
    },
    "nemotron:health_plan_beneficiary_number": {
      "p": 1.0,
      "r": 0.9,
      "f": 0.9473684210526316,
      "support": 20
    },
    "nemotron:last_name": {
      "p": 0.9461538461538461,
      "r": 0.8785714285714286,
      "f": 0.911111111111111,
      "support": 140
    },
    "nemotron:email": {
      "p": 0.9893617021276596,
      "r": 0.9207920792079208,
      "f": 0.9538461538461538,
      "support": 101
    },
    "nemotron:date": {
      "p": 0.946524064171123,
      "r": 0.8984771573604061,
      "f": 0.9218750000000001,
      "support": 197
    },
    "nemotron:time": {
      "p": 0.6133333333333333,
      "r": 0.5679012345679012,
      "f": 0.5897435897435898,
      "support": 81
    },
    "nemotron:mac_address": {
      "p": 1.0,
      "r": 0.9285714285714286,
      "f": 0.962962962962963,
      "support": 14
    },
    "nemotron:http_cookie": {
      "p": 1.0,
      "r": 0.6428571428571429,
      "f": 0.782608695652174,
      "support": 14
    },
    "nemotron:ssn": {
      "p": 0.9714285714285714,
      "r": 0.9714285714285714,
      "f": 0.9714285714285714,
      "support": 35
    },
    "nemotron:age": {
      "p": 0.75,
      "r": 0.75,
      "f": 0.75,
      "support": 24
    },
    "nemotron:occupation": {
      "p": 0.691358024691358,
      "r": 0.5137614678899083,
      "f": 0.5894736842105263,
      "support": 109
    },
    "nemotron:pin": {
      "p": 0.9375,
      "r": 0.75,
      "f": 0.8333333333333334,
      "support": 20
    },
    "nemotron:biometric_identifier": {
      "p": 0.96,
      "r": 0.96,
      "f": 0.96,
      "support": 25
    },
    "nemotron:customer_id": {
      "p": 0.918918918918919,
      "r": 0.918918918918919,
      "f": 0.918918918918919,
      "support": 37
    },
    "nemotron:employment_status": {
      "p": 0.782608695652174,
      "r": 0.72,
      "f": 0.7499999999999999,
      "support": 25
    },
    "nemotron:employee_id": {
      "p": 0.8235294117647058,
      "r": 0.9333333333333333,
      "f": 0.8749999999999999,
      "support": 15
    },
    "nemotron:city": {
      "p": 0.9642857142857143,
      "r": 0.6428571428571429,
      "f": 0.7714285714285715,
      "support": 42
    },
    "nemotron:state": {
      "p": 1.0,
      "r": 0.7045454545454546,
      "f": 0.8266666666666667,
      "support": 44
    },
    "nemotron:education_level": {
      "p": 0.8571428571428571,
      "r": 0.8571428571428571,
      "f": 0.8571428571428571,
      "support": 21
    },
    "nemotron:company_name": {
      "p": 0.9423076923076923,
      "r": 0.8305084745762712,
      "f": 0.8828828828828829,
      "support": 118
    },
    "nemotron:url": {
      "p": 1.0,
      "r": 0.8974358974358975,
      "f": 0.945945945945946,
      "support": 78
    },
    "nemotron:password": {
      "p": 1.0,
      "r": 0.631578947368421,
      "f": 0.7741935483870968,
      "support": 19
    },
    "nemotron:blood_type": {
      "p": 1.0,
      "r": 0.8666666666666667,
      "f": 0.9285714285714286,
      "support": 15
    },
    "nemotron:medical_record_number": {
      "p": 1.0,
      "r": 0.9411764705882353,
      "f": 0.9696969696969697,
      "support": 34
    },
    "nemotron:phone_number": {
      "p": 1.0,
      "r": 0.8793103448275862,
      "f": 0.9357798165137614,
      "support": 58
    },
    "nemotron:certificate_license_number": {
      "p": 0.8461538461538461,
      "r": 0.8461538461538461,
      "f": 0.8461538461538461,
      "support": 13
    },
    "nemotron:postcode": {
      "p": 0.9444444444444444,
      "r": 0.7727272727272727,
      "f": 0.85,
      "support": 22
    },
    "nemotron:cvv": {
      "p": 1.0,
      "r": 0.7058823529411765,
      "f": 0.8275862068965517,
      "support": 17
    },
    "nemotron:sexuality": {
      "p": 0.7272727272727273,
      "r": 1.0,
      "f": 0.8421052631578948,
      "support": 8
    },
    "nemotron:fax_number": {
      "p": 0.8888888888888888,
      "r": 0.8888888888888888,
      "f": 0.8888888888888888,
      "support": 18
    },
    "nemotron:swift_bic": {
      "p": 1.0,
      "r": 1.0,
      "f": 1.0,
      "support": 14
    },
    "nemotron:date_time": {
      "p": 0.8620689655172413,
      "r": 0.8333333333333334,
      "f": 0.847457627118644,
      "support": 30
    },
    "nemotron:ipv4": {
      "p": 0.8181818181818182,
      "r": 1.0,
      "f": 0.9,
      "support": 9
    },
    "nemotron:ipv6": {
      "p": 1.0,
      "r": 1.0,
      "f": 1.0,
      "support": 4
    },
    "nemotron:language": {
      "p": 1.0,
      "r": 0.8125,
      "f": 0.896551724137931,
      "support": 16
    },
    "nemotron:vehicle_identifier": {
      "p": 0.9333333333333333,
      "r": 0.875,
      "f": 0.9032258064516129,
      "support": 16
    },
    "nemotron:license_plate": {
      "p": 1.0,
      "r": 0.9,
      "f": 0.9473684210526316,
      "support": 10
    },
    "nemotron:political_view": {
      "p": 0.8888888888888888,
      "r": 0.8421052631578947,
      "f": 0.8648648648648649,
      "support": 19
    },
    "nemotron:unique_id": {
      "p": 1.0,
      "r": 0.3333333333333333,
      "f": 0.5,
      "support": 3
    },
    "nemotron:coordinate": {
      "p": 0.8125,
      "r": 0.5416666666666666,
      "f": 0.65,
      "support": 24
    },
    "nemotron:gender": {
      "p": 0.9230769230769231,
      "r": 0.5454545454545454,
      "f": 0.6857142857142856,
      "support": 22
    },
    "nemotron:religious_belief": {
      "p": 0.9,
      "r": 0.5625,
      "f": 0.6923076923076923,
      "support": 16
    },
    "nemotron:tax_id": {
      "p": 1.0,
      "r": 1.0,
      "f": 1.0,
      "support": 2
    },
    "nemotron:api_key": {
      "p": 0.6666666666666666,
      "r": 1.0,
      "f": 0.8,
      "support": 2
    }
  }
}