{
  "ops": {
    "rows": 300,
    "malformed": 0,
    "copy_drift": 8,
    "unrequested_tags": 0
  },
  "strict_exact": {
    "p": 0.9621175327829043,
    "r": 0.9129032258064517,
    "f": 0.9368645069756444
  },
  "strict_relaxed": {
    "p": 0.9703739679456047,
    "r": 0.9207373271889401,
    "f": 0.9449042326791204
  },
  "parseable_exact": {
    "p": 0.9621175327829043,
    "r": 0.944232602478551,
    "f": 0.9530911715179217
  },
  "per_label": {
    "nemotron:first_name": {
      "p": 0.9757085020242915,
      "r": 0.9678714859437751,
      "f": 0.9717741935483871,
      "support": 249
    },
    "nemotron:date_of_birth": {
      "p": 1.0,
      "r": 0.9459459459459459,
      "f": 0.9722222222222222,
      "support": 37
    },
    "nemotron:county": {
      "p": 0.8863636363636364,
      "r": 0.9285714285714286,
      "f": 0.9069767441860465,
      "support": 42
    },
    "nemotron:country": {
      "p": 1.0,
      "r": 1.0,
      "f": 1.0,
      "support": 58
    },
    "nemotron:bank_routing_number": {
      "p": 0.9615384615384616,
      "r": 1.0,
      "f": 0.9803921568627451,
      "support": 25
    },
    "nemotron:credit_debit_card": {
      "p": 1.0,
      "r": 0.9583333333333334,
      "f": 0.9787234042553191,
      "support": 48
    },
    "nemotron:user_name": {
      "p": 1.0,
      "r": 0.8947368421052632,
      "f": 0.9444444444444444,
      "support": 38
    },
    "nemotron:account_number": {
      "p": 0.9782608695652174,
      "r": 1.0,
      "f": 0.989010989010989,
      "support": 45
    },
    "nemotron:street_address": {
      "p": 0.9622641509433962,
      "r": 1.0,
      "f": 0.9807692307692307,
      "support": 51
    },
    "nemotron:race_ethnicity": {
      "p": 1.0,
      "r": 0.8846153846153846,
      "f": 0.9387755102040816,
      "support": 26
    },
    "nemotron:health_plan_beneficiary_number": {
      "p": 1.0,
      "r": 1.0,
      "f": 1.0,
      "support": 20
    },
    "nemotron:last_name": {
      "p": 0.9924812030075187,
      "r": 0.9428571428571428,
      "f": 0.967032967032967,
      "support": 140
    },
    "nemotron:email": {
      "p": 1.0,
      "r": 0.9603960396039604,
      "f": 0.9797979797979798,
      "support": 101
    },
    "nemotron:date": {
      "p": 0.9329896907216495,
      "r": 0.9187817258883249,
      "f": 0.9258312020460359,
      "support": 197
    },
    "nemotron:time": {
      "p": 0.9605263157894737,
      "r": 0.9012345679012346,
      "f": 0.9299363057324841,
      "support": 81
    },
    "nemotron:mac_address": {
      "p": 1.0,
      "r": 0.9285714285714286,
      "f": 0.962962962962963,
      "support": 14
    },
    "nemotron:http_cookie": {
      "p": 0.8571428571428571,
      "r": 0.8571428571428571,
      "f": 0.8571428571428571,
      "support": 14
    },
    "nemotron:ssn": {
      "p": 1.0,
      "r": 0.9428571428571428,
      "f": 0.9705882352941176,
      "support": 35
    },
    "nemotron:age": {
      "p": 0.95,
      "r": 0.7916666666666666,
      "f": 0.8636363636363635,
      "support": 24
    },
    "nemotron:occupation": {
      "p": 0.7848101265822784,
      "r": 0.5688073394495413,
      "f": 0.6595744680851064,
      "support": 109
    },
    "nemotron:pin": {
      "p": 0.9523809523809523,
      "r": 1.0,
      "f": 0.975609756097561,
      "support": 20
    },
    "nemotron:biometric_identifier": {
      "p": 1.0,
      "r": 1.0,
      "f": 1.0,
      "support": 25
    },
    "nemotron:customer_id": {
      "p": 0.9736842105263158,
      "r": 1.0,
      "f": 0.9866666666666666,
      "support": 37
    },
    "nemotron:employment_status": {
      "p": 0.7857142857142857,
      "r": 0.88,
      "f": 0.830188679245283,
      "support": 25
    },
    "nemotron:employee_id": {
      "p": 1.0,
      "r": 0.8,
      "f": 0.888888888888889,
      "support": 15
    },
    "nemotron:unique_id": {
      "p": 0.4,
      "r": 0.6666666666666666,
      "f": 0.5,
      "support": 3
    },
    "nemotron:city": {
      "p": 0.9512195121951219,
      "r": 0.9285714285714286,
      "f": 0.9397590361445782,
      "support": 42
    },
    "nemotron:state": {
      "p": 1.0,
      "r": 0.9545454545454546,
      "f": 0.9767441860465117,
      "support": 44
    },
    "nemotron:education_level": {
      "p": 0.9375,
      "r": 0.7142857142857143,
      "f": 0.8108108108108109,
      "support": 21
    },
    "nemotron:company_name": {
      "p": 0.9421487603305785,
      "r": 0.9661016949152542,
      "f": 0.9539748953974895,
      "support": 118
    },
    "nemotron:url": {
      "p": 1.0,
      "r": 0.9615384615384616,
      "f": 0.9803921568627451,
      "support": 78
    },
    "nemotron:password": {
      "p": 1.0,
      "r": 0.8421052631578947,
      "f": 0.9142857142857143,
      "support": 19
    },
    "nemotron:blood_type": {
      "p": 1.0,
      "r": 0.9333333333333333,
      "f": 0.9655172413793104,
      "support": 15
    },
    "nemotron:medical_record_number": {
      "p": 1.0,
      "r": 0.9705882352941176,
      "f": 0.9850746268656716,
      "support": 34
    },
    "nemotron:phone_number": {
      "p": 1.0,
      "r": 0.9655172413793104,
      "f": 0.9824561403508771,
      "support": 58
    },
    "nemotron:certificate_license_number": {
      "p": 1.0,
      "r": 0.9230769230769231,
      "f": 0.9600000000000001,
      "support": 13
    },
    "nemotron:postcode": {
      "p": 1.0,
      "r": 0.9090909090909091,
      "f": 0.9523809523809523,
      "support": 22
    },
    "nemotron:cvv": {
      "p": 1.0,
      "r": 0.8235294117647058,
      "f": 0.9032258064516129,
      "support": 17
    },
    "nemotron:sexuality": {
      "p": 0.8571428571428571,
      "r": 0.75,
      "f": 0.7999999999999999,
      "support": 8
    },
    "nemotron:fax_number": {
      "p": 0.9473684210526315,
      "r": 1.0,
      "f": 0.972972972972973,
      "support": 18
    },
    "nemotron:swift_bic": {
      "p": 1.0,
      "r": 1.0,
      "f": 1.0,
      "support": 14
    },
    "nemotron:date_time": {
      "p": 1.0,
      "r": 0.5,
      "f": 0.6666666666666666,
      "support": 30
    },
    "nemotron:ipv4": {
      "p": 1.0,
      "r": 0.7777777777777778,
      "f": 0.8750000000000001,
      "support": 9
    },
    "nemotron:ipv6": {
      "p": 1.0,
      "r": 1.0,
      "f": 1.0,
      "support": 4
    },
    "nemotron:language": {
      "p": 1.0,
      "r": 1.0,
      "f": 1.0,
      "support": 16
    },
    "nemotron:vehicle_identifier": {
      "p": 1.0,
      "r": 0.9375,
      "f": 0.967741935483871,
      "support": 16
    },
    "nemotron:license_plate": {
      "p": 1.0,
      "r": 1.0,
      "f": 1.0,
      "support": 10
    },
    "nemotron:political_view": {
      "p": 0.8823529411764706,
      "r": 0.7894736842105263,
      "f": 0.8333333333333333,
      "support": 19
    },
    "nemotron:coordinate": {
      "p": 1.0,
      "r": 0.9166666666666666,
      "f": 0.9565217391304348,
      "support": 24
    },
    "nemotron:gender": {
      "p": 1.0,
      "r": 0.8181818181818182,
      "f": 0.9,
      "support": 22
    },
    "nemotron:religious_belief": {
      "p": 0.9090909090909091,
      "r": 0.625,
      "f": 0.7407407407407406,
      "support": 16
    },
    "nemotron:tax_id": {
      "p": 1.0,
      "r": 1.0,
      "f": 1.0,
      "support": 2
    },
    "nemotron:api_key": {
      "p": 1.0,
      "r": 1.0,
      "f": 1.0,
      "support": 2
    }
  }
}