{
  "ops": {
    "rows": 300,
    "malformed": 1,
    "copy_drift": 14,
    "unrequested_tags": 0
  },
  "strict_exact": {
    "p": 0.9198570699336396,
    "r": 0.8304147465437788,
    "f": 0.8728505691450714
  },
  "strict_relaxed": {
    "p": 0.9433384379785605,
    "r": 0.8516129032258064,
    "f": 0.8951319932186971
  },
  "parseable_exact": {
    "p": 0.9198570699336396,
    "r": 0.8996505242136795,
    "f": 0.9096415951539627
  },
  "per_label": {
    "nemotron:first_name": {
      "p": 0.9380530973451328,
      "r": 0.8514056224899599,
      "f": 0.8926315789473684,
      "support": 249
    },
    "nemotron:date_of_birth": {
      "p": 1.0,
      "r": 0.8918918918918919,
      "f": 0.9428571428571428,
      "support": 37
    },
    "nemotron:county": {
      "p": 0.8888888888888888,
      "r": 0.7619047619047619,
      "f": 0.8205128205128205,
      "support": 42
    },
    "nemotron:country": {
      "p": 0.9791666666666666,
      "r": 0.8103448275862069,
      "f": 0.8867924528301887,
      "support": 58
    },
    "nemotron:bank_routing_number": {
      "p": 0.9615384615384616,
      "r": 1.0,
      "f": 0.9803921568627451,
      "support": 25
    },
    "nemotron:credit_debit_card": {
      "p": 1.0,
      "r": 0.9375,
      "f": 0.967741935483871,
      "support": 48
    },
    "nemotron:user_name": {
      "p": 0.9375,
      "r": 0.7894736842105263,
      "f": 0.8571428571428572,
      "support": 38
    },
    "nemotron:account_number": {
      "p": 0.9183673469387755,
      "r": 1.0,
      "f": 0.9574468085106383,
      "support": 45
    },
    "nemotron:street_address": {
      "p": 0.7735849056603774,
      "r": 0.803921568627451,
      "f": 0.7884615384615384,
      "support": 51
    },
    "nemotron:race_ethnicity": {
      "p": 0.9565217391304348,
      "r": 0.8461538461538461,
      "f": 0.8979591836734695,
      "support": 26
    },
    "nemotron:health_plan_beneficiary_number": {
      "p": 0.9523809523809523,
      "r": 1.0,
      "f": 0.975609756097561,
      "support": 20
    },
    "nemotron:last_name": {
      "p": 0.96875,
      "r": 0.8857142857142857,
      "f": 0.9253731343283582,
      "support": 140
    },
    "nemotron:email": {
      "p": 1.0,
      "r": 0.900990099009901,
      "f": 0.9479166666666667,
      "support": 101
    },
    "nemotron:date": {
      "p": 0.9030612244897959,
      "r": 0.8984771573604061,
      "f": 0.900763358778626,
      "support": 197
    },
    "nemotron:time": {
      "p": 0.6075949367088608,
      "r": 0.5925925925925926,
      "f": 0.6,
      "support": 81
    },
    "nemotron:mac_address": {
      "p": 1.0,
      "r": 1.0,
      "f": 1.0,
      "support": 14
    },
    "nemotron:http_cookie": {
      "p": 0.8888888888888888,
      "r": 0.5714285714285714,
      "f": 0.6956521739130435,
      "support": 14
    },
    "nemotron:ssn": {
      "p": 1.0,
      "r": 0.9428571428571428,
      "f": 0.9705882352941176,
      "support": 35
    },
    "nemotron:age": {
      "p": 0.8947368421052632,
      "r": 0.7083333333333334,
      "f": 0.7906976744186046,
      "support": 24
    },
    "nemotron:occupation": {
      "p": 0.6984126984126984,
      "r": 0.4036697247706422,
      "f": 0.5116279069767442,
      "support": 109
    },
    "nemotron:pin": {
      "p": 0.8823529411764706,
      "r": 0.75,
      "f": 0.8108108108108107,
      "support": 20
    },
    "nemotron:biometric_identifier": {
      "p": 1.0,
      "r": 0.96,
      "f": 0.9795918367346939,
      "support": 25
    },
    "nemotron:customer_id": {
      "p": 0.918918918918919,
      "r": 0.918918918918919,
      "f": 0.918918918918919,
      "support": 37
    },
    "nemotron:employment_status": {
      "p": 0.7692307692307693,
      "r": 0.8,
      "f": 0.7843137254901961,
      "support": 25
    },
    "nemotron:employee_id": {
      "p": 0.9375,
      "r": 1.0,
      "f": 0.967741935483871,
      "support": 15
    },
    "nemotron:city": {
      "p": 1.0,
      "r": 0.7857142857142857,
      "f": 0.88,
      "support": 42
    },
    "nemotron:state": {
      "p": 0.9696969696969697,
      "r": 0.7272727272727273,
      "f": 0.8311688311688312,
      "support": 44
    },
    "nemotron:education_level": {
      "p": 0.9473684210526315,
      "r": 0.8571428571428571,
      "f": 0.9,
      "support": 21
    },
    "nemotron:company_name": {
      "p": 0.9482758620689655,
      "r": 0.9322033898305084,
      "f": 0.94017094017094,
      "support": 118
    },
    "nemotron:url": {
      "p": 1.0,
      "r": 0.9487179487179487,
      "f": 0.9736842105263158,
      "support": 78
    },
    "nemotron:password": {
      "p": 0.875,
      "r": 0.7368421052631579,
      "f": 0.7999999999999999,
      "support": 19
    },
    "nemotron:blood_type": {
      "p": 1.0,
      "r": 1.0,
      "f": 1.0,
      "support": 15
    },
    "nemotron:medical_record_number": {
      "p": 0.9411764705882353,
      "r": 0.9411764705882353,
      "f": 0.9411764705882353,
      "support": 34
    },
    "nemotron:phone_number": {
      "p": 1.0,
      "r": 0.9137931034482759,
      "f": 0.9549549549549551,
      "support": 58
    },
    "nemotron:certificate_license_number": {
      "p": 0.9166666666666666,
      "r": 0.8461538461538461,
      "f": 0.8799999999999999,
      "support": 13
    },
    "nemotron:postcode": {
      "p": 0.9444444444444444,
      "r": 0.7727272727272727,
      "f": 0.85,
      "support": 22
    },
    "nemotron:cvv": {
      "p": 0.9333333333333333,
      "r": 0.8235294117647058,
      "f": 0.8749999999999999,
      "support": 17
    },
    "nemotron:sexuality": {
      "p": 0.6666666666666666,
      "r": 0.5,
      "f": 0.5714285714285715,
      "support": 8
    },
    "nemotron:fax_number": {
      "p": 0.9473684210526315,
      "r": 1.0,
      "f": 0.972972972972973,
      "support": 18
    },
    "nemotron:swift_bic": {
      "p": 1.0,
      "r": 1.0,
      "f": 1.0,
      "support": 14
    },
    "nemotron:date_time": {
      "p": 0.9473684210526315,
      "r": 0.6,
      "f": 0.7346938775510204,
      "support": 30
    },
    "nemotron:ipv4": {
      "p": 0.8888888888888888,
      "r": 0.8888888888888888,
      "f": 0.8888888888888888,
      "support": 9
    },
    "nemotron:ipv6": {
      "p": 1.0,
      "r": 1.0,
      "f": 1.0,
      "support": 4
    },
    "nemotron:language": {
      "p": 1.0,
      "r": 1.0,
      "f": 1.0,
      "support": 16
    },
    "nemotron:vehicle_identifier": {
      "p": 1.0,
      "r": 0.9375,
      "f": 0.967741935483871,
      "support": 16
    },
    "nemotron:license_plate": {
      "p": 1.0,
      "r": 1.0,
      "f": 1.0,
      "support": 10
    },
    "nemotron:political_view": {
      "p": 0.7777777777777778,
      "r": 0.7368421052631579,
      "f": 0.7567567567567567,
      "support": 19
    },
    "nemotron:unique_id": {
      "p": 1.0,
      "r": 0.6666666666666666,
      "f": 0.8,
      "support": 3
    },
    "nemotron:coordinate": {
      "p": 0.8235294117647058,
      "r": 0.5833333333333334,
      "f": 0.6829268292682927,
      "support": 24
    },
    "nemotron:gender": {
      "p": 1.0,
      "r": 0.5909090909090909,
      "f": 0.7428571428571429,
      "support": 22
    },
    "nemotron:religious_belief": {
      "p": 0.9090909090909091,
      "r": 0.625,
      "f": 0.7407407407407406,
      "support": 16
    },
    "nemotron:tax_id": {
      "p": 1.0,
      "r": 0.5,
      "f": 0.6666666666666666,
      "support": 2
    },
    "nemotron:api_key": {
      "p": 0.6666666666666666,
      "r": 1.0,
      "f": 0.8,
      "support": 2
    }
  }
}