{
  "ops": {
    "rows": 300,
    "malformed": 0,
    "copy_drift": 1,
    "unrequested_tags": 0
  },
  "strict_exact": {
    "p": 0.9061913696060038,
    "r": 0.8903225806451613,
    "f": 0.898186889818689
  },
  "strict_relaxed": {
    "p": 0.9319887429643527,
    "r": 0.915668202764977,
    "f": 0.9237563923756392
  },
  "parseable_exact": {
    "p": 0.9061913696060038,
    "r": 0.8911439114391144,
    "f": 0.8986046511627906
  },
  "per_label": {
    "nemotron:first_name": {
      "p": 0.9325396825396826,
      "r": 0.9437751004016064,
      "f": 0.93812375249501,
      "support": 249
    },
    "nemotron:date_of_birth": {
      "p": 1.0,
      "r": 0.8918918918918919,
      "f": 0.9428571428571428,
      "support": 37
    },
    "nemotron:county": {
      "p": 0.8837209302325582,
      "r": 0.9047619047619048,
      "f": 0.8941176470588236,
      "support": 42
    },
    "nemotron:country": {
      "p": 0.9814814814814815,
      "r": 0.9137931034482759,
      "f": 0.9464285714285714,
      "support": 58
    },
    "nemotron:bank_routing_number": {
      "p": 0.9615384615384616,
      "r": 1.0,
      "f": 0.9803921568627451,
      "support": 25
    },
    "nemotron:credit_debit_card": {
      "p": 1.0,
      "r": 0.9791666666666666,
      "f": 0.9894736842105264,
      "support": 48
    },
    "nemotron:user_name": {
      "p": 0.9117647058823529,
      "r": 0.8157894736842105,
      "f": 0.861111111111111,
      "support": 38
    },
    "nemotron:account_number": {
      "p": 0.9183673469387755,
      "r": 1.0,
      "f": 0.9574468085106383,
      "support": 45
    },
    "nemotron:street_address": {
      "p": 0.7636363636363637,
      "r": 0.8235294117647058,
      "f": 0.7924528301886793,
      "support": 51
    },
    "nemotron:race_ethnicity": {
      "p": 0.9615384615384616,
      "r": 0.9615384615384616,
      "f": 0.9615384615384616,
      "support": 26
    },
    "nemotron:health_plan_beneficiary_number": {
      "p": 0.9523809523809523,
      "r": 1.0,
      "f": 0.975609756097561,
      "support": 20
    },
    "nemotron:last_name": {
      "p": 0.9300699300699301,
      "r": 0.95,
      "f": 0.9399293286219081,
      "support": 140
    },
    "nemotron:email": {
      "p": 0.98989898989899,
      "r": 0.9702970297029703,
      "f": 0.98,
      "support": 101
    },
    "nemotron:date": {
      "p": 0.8387096774193549,
      "r": 0.9238578680203046,
      "f": 0.8792270531400966,
      "support": 197
    },
    "nemotron:time": {
      "p": 0.6172839506172839,
      "r": 0.6172839506172839,
      "f": 0.6172839506172839,
      "support": 81
    },
    "nemotron:mac_address": {
      "p": 1.0,
      "r": 1.0,
      "f": 1.0,
      "support": 14
    },
    "nemotron:http_cookie": {
      "p": 0.9090909090909091,
      "r": 0.7142857142857143,
      "f": 0.8,
      "support": 14
    },
    "nemotron:ssn": {
      "p": 1.0,
      "r": 1.0,
      "f": 1.0,
      "support": 35
    },
    "nemotron:age": {
      "p": 0.8461538461538461,
      "r": 0.9166666666666666,
      "f": 0.8799999999999999,
      "support": 24
    },
    "nemotron:occupation": {
      "p": 0.7066666666666667,
      "r": 0.48623853211009177,
      "f": 0.5760869565217391,
      "support": 109
    },
    "nemotron:pin": {
      "p": 0.9,
      "r": 0.9,
      "f": 0.9,
      "support": 20
    },
    "nemotron:biometric_identifier": {
      "p": 1.0,
      "r": 1.0,
      "f": 1.0,
      "support": 25
    },
    "nemotron:customer_id": {
      "p": 0.9210526315789473,
      "r": 0.9459459459459459,
      "f": 0.9333333333333332,
      "support": 37
    },
    "nemotron:employment_status": {
      "p": 0.7777777777777778,
      "r": 0.84,
      "f": 0.8076923076923077,
      "support": 25
    },
    "nemotron:employee_id": {
      "p": 0.8823529411764706,
      "r": 1.0,
      "f": 0.9375,
      "support": 15
    },
    "nemotron:city": {
      "p": 0.972972972972973,
      "r": 0.8571428571428571,
      "f": 0.9113924050632912,
      "support": 42
    },
    "nemotron:state": {
      "p": 0.9512195121951219,
      "r": 0.8863636363636364,
      "f": 0.9176470588235294,
      "support": 44
    },
    "nemotron:education_level": {
      "p": 0.8695652173913043,
      "r": 0.9523809523809523,
      "f": 0.909090909090909,
      "support": 21
    },
    "nemotron:company_name": {
      "p": 0.9349593495934959,
      "r": 0.9745762711864406,
      "f": 0.954356846473029,
      "support": 118
    },
    "nemotron:url": {
      "p": 1.0,
      "r": 0.9871794871794872,
      "f": 0.9935483870967742,
      "support": 78
    },
    "nemotron:password": {
      "p": 0.8888888888888888,
      "r": 0.8421052631578947,
      "f": 0.8648648648648649,
      "support": 19
    },
    "nemotron:blood_type": {
      "p": 1.0,
      "r": 1.0,
      "f": 1.0,
      "support": 15
    },
    "nemotron:medical_record_number": {
      "p": 0.9705882352941176,
      "r": 0.9705882352941176,
      "f": 0.9705882352941176,
      "support": 34
    },
    "nemotron:phone_number": {
      "p": 0.9827586206896551,
      "r": 0.9827586206896551,
      "f": 0.9827586206896551,
      "support": 58
    },
    "nemotron:certificate_license_number": {
      "p": 0.9230769230769231,
      "r": 0.9230769230769231,
      "f": 0.9230769230769231,
      "support": 13
    },
    "nemotron:postcode": {
      "p": 0.9444444444444444,
      "r": 0.7727272727272727,
      "f": 0.85,
      "support": 22
    },
    "nemotron:cvv": {
      "p": 0.9375,
      "r": 0.8823529411764706,
      "f": 0.9090909090909091,
      "support": 17
    },
    "nemotron:sexuality": {
      "p": 0.75,
      "r": 0.75,
      "f": 0.75,
      "support": 8
    },
    "nemotron:fax_number": {
      "p": 0.9473684210526315,
      "r": 1.0,
      "f": 0.972972972972973,
      "support": 18
    },
    "nemotron:swift_bic": {
      "p": 1.0,
      "r": 1.0,
      "f": 1.0,
      "support": 14
    },
    "nemotron:date_time": {
      "p": 0.9473684210526315,
      "r": 0.6,
      "f": 0.7346938775510204,
      "support": 30
    },
    "nemotron:ipv4": {
      "p": 0.9,
      "r": 1.0,
      "f": 0.9473684210526316,
      "support": 9
    },
    "nemotron:ipv6": {
      "p": 1.0,
      "r": 1.0,
      "f": 1.0,
      "support": 4
    },
    "nemotron:language": {
      "p": 1.0,
      "r": 1.0,
      "f": 1.0,
      "support": 16
    },
    "nemotron:vehicle_identifier": {
      "p": 0.9375,
      "r": 0.9375,
      "f": 0.9375,
      "support": 16
    },
    "nemotron:license_plate": {
      "p": 1.0,
      "r": 0.9,
      "f": 0.9473684210526316,
      "support": 10
    },
    "nemotron:political_view": {
      "p": 0.75,
      "r": 0.7894736842105263,
      "f": 0.7692307692307692,
      "support": 19
    },
    "nemotron:unique_id": {
      "p": 1.0,
      "r": 0.6666666666666666,
      "f": 0.8,
      "support": 3
    },
    "nemotron:coordinate": {
      "p": 0.88,
      "r": 0.9166666666666666,
      "f": 0.8979591836734694,
      "support": 24
    },
    "nemotron:gender": {
      "p": 1.0,
      "r": 0.6363636363636364,
      "f": 0.7777777777777778,
      "support": 22
    },
    "nemotron:religious_belief": {
      "p": 0.9090909090909091,
      "r": 0.625,
      "f": 0.7407407407407406,
      "support": 16
    },
    "nemotron:tax_id": {
      "p": 1.0,
      "r": 0.5,
      "f": 0.6666666666666666,
      "support": 2
    },
    "nemotron:api_key": {
      "p": 0.6666666666666666,
      "r": 1.0,
      "f": 0.8,
      "support": 2
    }
  }
}