{
  "ops": {
    "rows": 300,
    "malformed": 0,
    "copy_drift": 0,
    "unrequested_tags": 0
  },
  "strict_exact": {
    "p": 0.8924882629107981,
    "r": 0.9453008453505719,
    "f": 0.9181357160106255
  },
  "strict_relaxed": {
    "p": 0.9018779342723005,
    "r": 0.9552461461959224,
    "f": 0.9277952185462448
  },
  "parseable_exact": {
    "p": 0.8924882629107981,
    "r": 0.9453008453505719,
    "f": 0.9181357160106255
  },
  "per_label": {
    "nemotron:first_name": {
      "p": 0.9565217391304348,
      "r": 0.9718875502008032,
      "f": 0.9641434262948207,
      "support": 249
    },
    "nemotron:date_of_birth": {
      "p": 0.8974358974358975,
      "r": 0.9210526315789473,
      "f": 0.9090909090909091,
      "support": 38
    },
    "nemotron:county": {
      "p": 0.7560975609756098,
      "r": 0.8857142857142857,
      "f": 0.8157894736842105,
      "support": 35
    },
    "nemotron:country": {
      "p": 0.7758620689655172,
      "r": 1.0,
      "f": 0.8737864077669902,
      "support": 45
    },
    "nemotron:bank_routing_number": {
      "p": 0.9615384615384616,
      "r": 1.0,
      "f": 0.9803921568627451,
      "support": 25
    },
    "nemotron:credit_debit_card": {
      "p": 0.9791666666666666,
      "r": 1.0,
      "f": 0.9894736842105264,
      "support": 47
    },
    "nemotron:user_name": {
      "p": 0.9722222222222222,
      "r": 0.9210526315789473,
      "f": 0.9459459459459458,
      "support": 38
    },
    "nemotron:account_number": {
      "p": 0.9787234042553191,
      "r": 1.0,
      "f": 0.989247311827957,
      "support": 46
    },
    "nemotron:street_address": {
      "p": 0.8333333333333334,
      "r": 0.9375,
      "f": 0.8823529411764706,
      "support": 48
    },
    "nemotron:race_ethnicity": {
      "p": 0.9259259259259259,
      "r": 1.0,
      "f": 0.9615384615384615,
      "support": 25
    },
    "nemotron:health_plan_beneficiary_number": {
      "p": 1.0,
      "r": 1.0,
      "f": 1.0,
      "support": 20
    },
    "nemotron:last_name": {
      "p": 0.9637681159420289,
      "r": 0.9432624113475178,
      "f": 0.9534050179211468,
      "support": 141
    },
    "nemotron:email": {
      "p": 0.98989898989899,
      "r": 1.0,
      "f": 0.9949238578680203,
      "support": 98
    },
    "nemotron:date": {
      "p": 0.9278350515463918,
      "r": 0.9473684210526315,
      "f": 0.9374999999999999,
      "support": 190
    },
    "nemotron:mac_address": {
      "p": 0.9285714285714286,
      "r": 1.0,
      "f": 0.962962962962963,
      "support": 13
    },
    "nemotron:http_cookie": {
      "p": 0.8571428571428571,
      "r": 0.8571428571428571,
      "f": 0.8571428571428571,
      "support": 14
    },
    "nemotron:time": {
      "p": 0.8571428571428571,
      "r": 0.9642857142857143,
      "f": 0.9075630252100839,
      "support": 56
    },
    "nemotron:ssn": {
      "p": 0.9722222222222222,
      "r": 1.0,
      "f": 0.9859154929577464,
      "support": 35
    },
    "nemotron:age": {
      "p": 0.9166666666666666,
      "r": 0.9166666666666666,
      "f": 0.9166666666666666,
      "support": 24
    },
    "nemotron:occupation": {
      "p": 0.7974683544303798,
      "r": 0.7590361445783133,
      "f": 0.7777777777777778,
      "support": 83
    },
    "nemotron:pin": {
      "p": 0.8125,
      "r": 0.7647058823529411,
      "f": 0.787878787878788,
      "support": 17
    },
    "nemotron:biometric_identifier": {
      "p": 0.96,
      "r": 1.0,
      "f": 0.9795918367346939,
      "support": 24
    },
    "nemotron:customer_id": {
      "p": 0.9210526315789473,
      "r": 1.0,
      "f": 0.958904109589041,
      "support": 35
    },
    "nemotron:employment_status": {
      "p": 0.92,
      "r": 0.9583333333333334,
      "f": 0.9387755102040817,
      "support": 24
    },
    "nemotron:employee_id": {
      "p": 0.4444444444444444,
      "r": 0.8,
      "f": 0.5714285714285714,
      "support": 15
    },
    "nemotron:unique_id": {
      "p": 0.5,
      "r": 0.42857142857142855,
      "f": 0.4615384615384615,
      "support": 7
    },
    "nemotron:city": {
      "p": 0.8292682926829268,
      "r": 0.9714285714285714,
      "f": 0.8947368421052632,
      "support": 35
    },
    "nemotron:state": {
      "p": 0.6304347826086957,
      "r": 0.9666666666666667,
      "f": 0.763157894736842,
      "support": 30
    },
    "nemotron:education_level": {
      "p": 0.95,
      "r": 0.9047619047619048,
      "f": 0.9268292682926829,
      "support": 21
    },
    "nemotron:company_name": {
      "p": 0.9416666666666667,
      "r": 0.9416666666666667,
      "f": 0.9416666666666667,
      "support": 120
    },
    "nemotron:url": {
      "p": 0.8421052631578947,
      "r": 0.9846153846153847,
      "f": 0.9078014184397163,
      "support": 65
    },
    "nemotron:password": {
      "p": 0.7368421052631579,
      "r": 0.9333333333333333,
      "f": 0.8235294117647058,
      "support": 15
    },
    "nemotron:blood_type": {
      "p": 1.0,
      "r": 1.0,
      "f": 1.0,
      "support": 15
    },
    "nemotron:medical_record_number": {
      "p": 0.9428571428571428,
      "r": 0.9705882352941176,
      "f": 0.9565217391304348,
      "support": 34
    },
    "nemotron:phone_number": {
      "p": 0.9649122807017544,
      "r": 1.0,
      "f": 0.9821428571428572,
      "support": 55
    },
    "nemotron:certificate_license_number": {
      "p": 0.9285714285714286,
      "r": 1.0,
      "f": 0.962962962962963,
      "support": 13
    },
    "nemotron:postcode": {
      "p": 0.95,
      "r": 0.9047619047619048,
      "f": 0.9268292682926829,
      "support": 21
    },
    "nemotron:cvv": {
      "p": 1.0,
      "r": 1.0,
      "f": 1.0,
      "support": 15
    },
    "nemotron:sexuality": {
      "p": 0.8571428571428571,
      "r": 0.75,
      "f": 0.7999999999999999,
      "support": 8
    },
    "nemotron:fax_number": {
      "p": 0.8947368421052632,
      "r": 1.0,
      "f": 0.9444444444444444,
      "support": 17
    },
    "nemotron:swift_bic": {
      "p": 0.9285714285714286,
      "r": 1.0,
      "f": 0.962962962962963,
      "support": 13
    },
    "nemotron:date_time": {
      "p": 1.0,
      "r": 0.9047619047619048,
      "f": 0.9500000000000001,
      "support": 21
    },
    "nemotron:ipv4": {
      "p": 1.0,
      "r": 1.0,
      "f": 1.0,
      "support": 9
    },
    "nemotron:ipv6": {
      "p": 1.0,
      "r": 1.0,
      "f": 1.0,
      "support": 4
    },
    "nemotron:language": {
      "p": 0.9375,
      "r": 1.0,
      "f": 0.967741935483871,
      "support": 15
    },
    "nemotron:vehicle_identifier": {
      "p": 0.6875,
      "r": 1.0,
      "f": 0.8148148148148148,
      "support": 11
    },
    "nemotron:license_plate": {
      "p": 0.8888888888888888,
      "r": 0.8888888888888888,
      "f": 0.8888888888888888,
      "support": 9
    },
    "nemotron:political_view": {
      "p": 0.4827586206896552,
      "r": 0.7777777777777778,
      "f": 0.5957446808510638,
      "support": 18
    },
    "nemotron:coordinate": {
      "p": 0.625,
      "r": 1.0,
      "f": 0.7692307692307693,
      "support": 15
    },
    "nemotron:gender": {
      "p": 0.782608695652174,
      "r": 0.8571428571428571,
      "f": 0.8181818181818182,
      "support": 21
    },
    "nemotron:religious_belief": {
      "p": 0.75,
      "r": 0.75,
      "f": 0.75,
      "support": 12
    },
    "nemotron:tax_id": {
      "p": 1.0,
      "r": 1.0,
      "f": 1.0,
      "support": 2
    },
    "nemotron:device_identifier": {
      "p": 0.0,
      "r": 0.0,
      "f": 0.0,
      "support": 3
    },
    "nemotron:api_key": {
      "p": 1.0,
      "r": 1.0,
      "f": 1.0,
      "support": 2
    }
  }
}