{
  "ops": {
    "rows": 300,
    "malformed": 0,
    "copy_drift": 0,
    "unrequested_tags": 0
  },
  "strict_exact": {
    "p": 0.9384976525821597,
    "r": 0.9211981566820276,
    "f": 0.9297674418604651
  },
  "strict_relaxed": {
    "p": 0.9516431924882629,
    "r": 0.9341013824884793,
    "f": 0.9427906976744187
  },
  "parseable_exact": {
    "p": 0.9384976525821597,
    "r": 0.9211981566820276,
    "f": 0.9297674418604651
  },
  "per_label": {
    "nemotron:first_name": {
      "p": 0.9565217391304348,
      "r": 0.9718875502008032,
      "f": 0.9641434262948207,
      "support": 249
    },
    "nemotron:date_of_birth": {
      "p": 0.8974358974358975,
      "r": 0.9459459459459459,
      "f": 0.9210526315789475,
      "support": 37
    },
    "nemotron:county": {
      "p": 0.9024390243902439,
      "r": 0.8809523809523809,
      "f": 0.8915662650602411,
      "support": 42
    },
    "nemotron:country": {
      "p": 1.0,
      "r": 1.0,
      "f": 1.0,
      "support": 58
    },
    "nemotron:bank_routing_number": {
      "p": 0.9615384615384616,
      "r": 1.0,
      "f": 0.9803921568627451,
      "support": 25
    },
    "nemotron:credit_debit_card": {
      "p": 1.0,
      "r": 1.0,
      "f": 1.0,
      "support": 48
    },
    "nemotron:user_name": {
      "p": 0.9722222222222222,
      "r": 0.9210526315789473,
      "f": 0.9459459459459458,
      "support": 38
    },
    "nemotron:account_number": {
      "p": 0.9574468085106383,
      "r": 1.0,
      "f": 0.9782608695652174,
      "support": 45
    },
    "nemotron:street_address": {
      "p": 0.8888888888888888,
      "r": 0.9411764705882353,
      "f": 0.9142857142857143,
      "support": 51
    },
    "nemotron:race_ethnicity": {
      "p": 0.9629629629629629,
      "r": 1.0,
      "f": 0.9811320754716981,
      "support": 26
    },
    "nemotron:health_plan_beneficiary_number": {
      "p": 1.0,
      "r": 1.0,
      "f": 1.0,
      "support": 20
    },
    "nemotron:last_name": {
      "p": 0.9637681159420289,
      "r": 0.95,
      "f": 0.9568345323741007,
      "support": 140
    },
    "nemotron:email": {
      "p": 1.0,
      "r": 0.9801980198019802,
      "f": 0.99,
      "support": 101
    },
    "nemotron:date": {
      "p": 0.9381443298969072,
      "r": 0.9238578680203046,
      "f": 0.9309462915601022,
      "support": 197
    },
    "nemotron:time": {
      "p": 0.9047619047619048,
      "r": 0.7037037037037037,
      "f": 0.7916666666666667,
      "support": 81
    },
    "nemotron:mac_address": {
      "p": 1.0,
      "r": 1.0,
      "f": 1.0,
      "support": 14
    },
    "nemotron:http_cookie": {
      "p": 0.8571428571428571,
      "r": 0.8571428571428571,
      "f": 0.8571428571428571,
      "support": 14
    },
    "nemotron:ssn": {
      "p": 0.9722222222222222,
      "r": 1.0,
      "f": 0.9859154929577464,
      "support": 35
    },
    "nemotron:age": {
      "p": 0.9166666666666666,
      "r": 0.9166666666666666,
      "f": 0.9166666666666666,
      "support": 24
    },
    "nemotron:occupation": {
      "p": 0.8354430379746836,
      "r": 0.6055045871559633,
      "f": 0.7021276595744682,
      "support": 109
    },
    "nemotron:pin": {
      "p": 1.0,
      "r": 0.8,
      "f": 0.888888888888889,
      "support": 20
    },
    "nemotron:biometric_identifier": {
      "p": 1.0,
      "r": 1.0,
      "f": 1.0,
      "support": 25
    },
    "nemotron:customer_id": {
      "p": 0.9736842105263158,
      "r": 1.0,
      "f": 0.9866666666666666,
      "support": 37
    },
    "nemotron:employment_status": {
      "p": 0.96,
      "r": 0.96,
      "f": 0.96,
      "support": 25
    },
    "nemotron:employee_id": {
      "p": 0.4444444444444444,
      "r": 0.8,
      "f": 0.5714285714285714,
      "support": 15
    },
    "nemotron:unique_id": {
      "p": 0.5,
      "r": 1.0,
      "f": 0.6666666666666666,
      "support": 3
    },
    "nemotron:city": {
      "p": 0.975609756097561,
      "r": 0.9523809523809523,
      "f": 0.963855421686747,
      "support": 42
    },
    "nemotron:state": {
      "p": 0.9130434782608695,
      "r": 0.9545454545454546,
      "f": 0.9333333333333332,
      "support": 44
    },
    "nemotron:education_level": {
      "p": 0.9,
      "r": 0.8571428571428571,
      "f": 0.8780487804878048,
      "support": 21
    },
    "nemotron:company_name": {
      "p": 0.9583333333333334,
      "r": 0.9745762711864406,
      "f": 0.9663865546218487,
      "support": 118
    },
    "nemotron:url": {
      "p": 1.0,
      "r": 0.9743589743589743,
      "f": 0.9870129870129869,
      "support": 78
    },
    "nemotron:password": {
      "p": 0.8421052631578947,
      "r": 0.8421052631578947,
      "f": 0.8421052631578947,
      "support": 19
    },
    "nemotron:blood_type": {
      "p": 1.0,
      "r": 1.0,
      "f": 1.0,
      "support": 15
    },
    "nemotron:medical_record_number": {
      "p": 0.9428571428571428,
      "r": 0.9705882352941176,
      "f": 0.9565217391304348,
      "support": 34
    },
    "nemotron:phone_number": {
      "p": 1.0,
      "r": 0.9827586206896551,
      "f": 0.9913043478260869,
      "support": 58
    },
    "nemotron:certificate_license_number": {
      "p": 0.9285714285714286,
      "r": 1.0,
      "f": 0.962962962962963,
      "support": 13
    },
    "nemotron:postcode": {
      "p": 1.0,
      "r": 0.9090909090909091,
      "f": 0.9523809523809523,
      "support": 22
    },
    "nemotron:cvv": {
      "p": 1.0,
      "r": 0.8823529411764706,
      "f": 0.9375,
      "support": 17
    },
    "nemotron:sexuality": {
      "p": 0.8571428571428571,
      "r": 0.75,
      "f": 0.7999999999999999,
      "support": 8
    },
    "nemotron:fax_number": {
      "p": 0.9473684210526315,
      "r": 1.0,
      "f": 0.972972972972973,
      "support": 18
    },
    "nemotron:swift_bic": {
      "p": 1.0,
      "r": 1.0,
      "f": 1.0,
      "support": 14
    },
    "nemotron:date_time": {
      "p": 1.0,
      "r": 0.6333333333333333,
      "f": 0.7755102040816326,
      "support": 30
    },
    "nemotron:ipv4": {
      "p": 1.0,
      "r": 1.0,
      "f": 1.0,
      "support": 9
    },
    "nemotron:ipv6": {
      "p": 1.0,
      "r": 1.0,
      "f": 1.0,
      "support": 4
    },
    "nemotron:language": {
      "p": 1.0,
      "r": 1.0,
      "f": 1.0,
      "support": 16
    },
    "nemotron:vehicle_identifier": {
      "p": 0.9375,
      "r": 0.9375,
      "f": 0.9375,
      "support": 16
    },
    "nemotron:license_plate": {
      "p": 1.0,
      "r": 0.9,
      "f": 0.9473684210526316,
      "support": 10
    },
    "nemotron:political_view": {
      "p": 0.4827586206896552,
      "r": 0.7368421052631579,
      "f": 0.5833333333333334,
      "support": 19
    },
    "nemotron:coordinate": {
      "p": 1.0,
      "r": 1.0,
      "f": 1.0,
      "support": 24
    },
    "nemotron:gender": {
      "p": 0.8695652173913043,
      "r": 0.9090909090909091,
      "f": 0.888888888888889,
      "support": 22
    },
    "nemotron:religious_belief": {
      "p": 0.9166666666666666,
      "r": 0.6875,
      "f": 0.7857142857142857,
      "support": 16
    },
    "nemotron:tax_id": {
      "p": 1.0,
      "r": 1.0,
      "f": 1.0,
      "support": 2
    },
    "nemotron:api_key": {
      "p": 1.0,
      "r": 1.0,
      "f": 1.0,
      "support": 2
    }
  }
}